ts,symbol,equity
2025-06-15 21:00:00+00:00,BTCUSD_1H,99915.04083034927
2025-06-15 23:00:00+00:00,BTCUSD_1H,99865.00131146937
2025-06-16 01:00:00+00:00,BTCUSD_1H,99814.96378841222
2025-06-16 02:00:00+00:00,BTCUSD_1H,99764.92585717617
2025-06-16 03:00:00+00:00,BTCUSD_1H,99714.89019311158
2025-06-16 04:00:00+00:00,BTCUSD_1H,99664.8572522578
2025-06-16 05:00:00+00:00,BTCUSD_1H,99614.81331581713
2025-06-16 06:00:00+00:00,BTCUSD_1H,99564.79013345047
2025-06-16 07:00:00+00:00,BTCUSD_1H,99514.75904896409
2025-06-16 08:00:00+00:00,BTCUSD_1H,99464.72592759153
2025-06-16 09:00:00+00:00,BTCUSD_1H,99414.69031322566
2025-06-16 10:00:00+00:00,BTCUSD_1H,99364.64566796146
2025-06-16 11:00:00+00:00,BTCUSD_1H,99314.61928137047
2025-06-16 12:00:00+00:00,BTCUSD_1H,99264.58529354158
2025-06-16 13:00:00+00:00,BTCUSD_1H,99214.55681286672
2025-06-16 14:00:00+00:00,BTCUSD_1H,99164.51744760272
2025-06-16 15:00:00+00:00,BTCUSD_1H,99114.4848624188
2025-06-16 16:00:00+00:00,BTCUSD_1H,99064.44004176478
2025-06-16 17:00:00+00:00,BTCUSD_1H,99014.40218403604
2025-06-16 18:00:00+00:00,BTCUSD_1H,98964.37447447871
2025-06-16 19:00:00+00:00,BTCUSD_1H,98914.33456913248
2025-06-16 20:00:00+00:00,BTCUSD_1H,98864.29468147867
2025-06-16 21:00:00+00:00,BTCUSD_1H,98814.25446502112
2025-06-16 23:00:00+00:00,BTCUSD_1H,98764.29826419007
2025-06-17 07:00:00+00:00,BTCUSD_1H,98714.33056924603
2025-06-17 08:00:00+00:00,BTCUSD_1H,98664.36595132055
2025-06-17 09:00:00+00:00,BTCUSD_1H,98614.39390187686
2025-06-17 10:00:00+00:00,BTCUSD_1H,98564.43719455144
2025-06-17 11:00:00+00:00,BTCUSD_1H,98514.47296415674
2025-06-17 12:00:00+00:00,BTCUSD_1H,98464.4979176525
2025-06-17 13:00:00+00:00,BTCUSD_1H,98414.53703643706
2025-06-17 14:00:00+00:00,BTCUSD_1H,98364.57570074491
2025-06-17 15:00:00+00:00,BTCUSD_1H,98314.61459671477
2025-06-17 16:00:00+00:00,BTCUSD_1H,98264.65151198125
2025-06-17 17:00:00+00:00,BTCUSD_1H,98214.68355426619
2025-06-17 18:00:00+00:00,BTCUSD_1H,98164.72006524414
2025-06-18 18:00:00+00:00,BTCUSD_1H,98114.76003402742
2025-06-18 19:00:00+00:00,BTCUSD_1H,98064.79439515984
2025-06-18 21:00:00+00:00,BTCUSD_1H,98014.75191016708
2025-06-18 23:00:00+00:00,BTCUSD_1H,97964.7150040555
2025-06-19 00:00:00+00:00,BTCUSD_1H,97914.68350961705
2025-06-19 03:00:00+00:00,BTCUSD_1H,97864.64823157403
2025-06-19 04:00:00+00:00,BTCUSD_1H,97814.61184462714
2025-06-19 05:00:00+00:00,BTCUSD_1H,97764.56977297051
2025-06-19 09:00:00+00:00,BTCUSD_1H,97714.5331756208
2025-06-19 10:00:00+00:00,BTCUSD_1H,97664.49197647866
2025-06-20 01:00:00+00:00,BTCUSD_1H,97614.45372426501
2025-06-20 07:00:00+00:00,BTCUSD_1H,97564.42507049018
2025-06-20 08:00:00+00:00,BTCUSD_1H,97514.3859844559
2025-06-20 09:00:00+00:00,BTCUSD_1H,97464.34636252253
2025-06-20 10:00:00+00:00,BTCUSD_1H,97414.31233116244
2025-06-20 11:00:00+00:00,BTCUSD_1H,97364.2761923413
2025-06-20 12:00:00+00:00,BTCUSD_1H,97314.24631871223
2025-06-20 14:00:00+00:00,BTCUSD_1H,97264.27956049224
2025-06-20 15:00:00+00:00,BTCUSD_1H,97214.32219911352
2025-06-20 16:00:00+00:00,BTCUSD_1H,97164.35338983747
2025-06-20 17:00:00+00:00,BTCUSD_1H,97114.38958415913
2025-06-20 18:00:00+00:00,BTCUSD_1H,97064.42564722954
2025-06-20 22:00:00+00:00,BTCUSD_1H,97014.46671160251
2025-06-20 23:00:00+00:00,BTCUSD_1H,96964.5066433997
2025-06-21 00:00:00+00:00,BTCUSD_1H,96914.54209755574
2025-06-21 17:00:00+00:00,BTCUSD_1H,96864.56742801738
2025-06-21 18:00:00+00:00,BTCUSD_1H,96814.61100266378
2025-06-21 19:00:00+00:00,BTCUSD_1H,96764.64193356915
2025-06-21 21:00:00+00:00,BTCUSD_1H,96714.6798714099
2025-06-21 22:00:00+00:00,BTCUSD_1H,96664.71517972913
2025-06-22 13:00:00+00:00,BTCUSD_1H,96614.75346401146
2025-06-22 14:00:00+00:00,BTCUSD_1H,96564.78720049403
2025-06-22 15:00:00+00:00,BTCUSD_1H,96514.82278286554
2025-06-22 16:00:00+00:00,BTCUSD_1H,96464.85921262637
2025-06-22 17:00:00+00:00,BTCUSD_1H,96414.89435219715
2025-06-22 18:00:00+00:00,BTCUSD_1H,96364.92827716765
2025-06-22 19:00:00+00:00,BTCUSD_1H,96314.9611953169
2025-06-22 21:00:00+00:00,BTCUSD_1H,96264.99042658224
2025-06-23 05:00:00+00:00,BTCUSD_1H,96214.96455304408
2025-06-23 06:00:00+00:00,BTCUSD_1H,96164.92802550785
2025-06-23 07:00:00+00:00,BTCUSD_1H,96114.89451416049
2025-06-23 08:00:00+00:00,BTCUSD_1H,96064.85199277624
2025-06-23 12:00:00+00:00,BTCUSD_1H,96014.81230827434
2025-06-23 13:00:00+00:00,BTCUSD_1H,95964.77824804372
2025-06-23 17:00:00+00:00,BTCUSD_1H,95914.73540664249
2025-06-23 18:00:00+00:00,BTCUSD_1H,95864.70660205072
2025-06-23 19:00:00+00:00,BTCUSD_1H,95814.66883398223
2025-06-23 20:00:00+00:00,BTCUSD_1H,95764.63257775384
2025-06-23 21:00:00+00:00,BTCUSD_1H,95714.59264165978
2025-06-23 22:00:00+00:00,BTCUSD_1H,95664.56752436608
2025-06-23 23:00:00+00:00,BTCUSD_1H,95614.5287205125
2025-06-24 00:00:00+00:00,BTCUSD_1H,95564.48516718925
2025-06-24 01:00:00+00:00,BTCUSD_1H,95514.45670005011
2025-06-24 02:00:00+00:00,BTCUSD_1H,95464.42197174873
2025-06-24 03:00:00+00:00,BTCUSD_1H,95414.38781154068
2025-06-24 04:00:00+00:00,BTCUSD_1H,95364.3434300064
2025-06-24 05:00:00+00:00,BTCUSD_1H,95314.31836085599
2025-06-24 06:00:00+00:00,BTCUSD_1H,95264.27430270141
2025-06-24 07:00:00+00:00,BTCUSD_1H,95214.242487842
2025-06-24 08:00:00+00:00,BTCUSD_1H,95164.21230487185
2025-06-24 09:00:00+00:00,BTCUSD_1H,95114.16703181827
2025-06-24 10:00:00+00:00,BTCUSD_1H,95064.12786854053
2025-06-24 11:00:00+00:00,BTCUSD_1H,95014.09635278815
2025-06-24 12:00:00+00:00,BTCUSD_1H,94964.06180002393
2025-06-24 13:00:00+00:00,BTCUSD_1H,94914.02284004737
2025-06-24 14:00:00+00:00,BTCUSD_1H,94863.99589916524
2025-06-24 15:00:00+00:00,BTCUSD_1H,94813.96426529673
2025-06-24 16:00:00+00:00,BTCUSD_1H,94763.93312297582
2025-06-24 17:00:00+00:00,BTCUSD_1H,94713.90432159066
2025-06-24 18:00:00+00:00,BTCUSD_1H,94663.85734551803
2025-06-24 20:00:00+00:00,BTCUSD_1H,94613.81690356834
2025-06-24 21:00:00+00:00,BTCUSD_1H,94563.7775795427
2025-06-24 22:00:00+00:00,BTCUSD_1H,94513.74027896416
2025-06-24 23:00:00+00:00,BTCUSD_1H,94463.7024326966
2025-06-25 00:00:00+00:00,BTCUSD_1H,94413.66878030357
2025-06-25 01:00:00+00:00,BTCUSD_1H,94363.63711365472
2025-06-25 02:00:00+00:00,BTCUSD_1H,94313.6041427058
2025-06-25 06:00:00+00:00,BTCUSD_1H,94263.55998099667
2025-06-25 07:00:00+00:00,BTCUSD_1H,94213.52655550558
2025-06-25 08:00:00+00:00,BTCUSD_1H,94163.48429669566
2025-06-25 09:00:00+00:00,BTCUSD_1H,94113.44777369617
2025-06-25 10:00:00+00:00,BTCUSD_1H,94063.40748231887
2025-06-25 11:00:00+00:00,BTCUSD_1H,94013.37393910602
2025-06-25 12:00:00+00:00,BTCUSD_1H,93963.34323712705
2025-06-25 13:00:00+00:00,BTCUSD_1H,93913.30349192022
2025-06-25 14:00:00+00:00,BTCUSD_1H,93863.27708131442
2025-06-25 17:00:00+00:00,BTCUSD_1H,93813.23293300511
2025-06-25 18:00:00+00:00,BTCUSD_1H,93763.19149192164
2025-06-25 19:00:00+00:00,BTCUSD_1H,93713.1541438744
2025-06-25 20:00:00+00:00,BTCUSD_1H,93663.125751686
2025-06-26 02:00:00+00:00,BTCUSD_1H,93613.08942631196
2025-06-26 03:00:00+00:00,BTCUSD_1H,93563.04896560243
2025-06-26 13:00:00+00:00,BTCUSD_1H,93513.09273816792
2025-06-26 19:00:00+00:00,BTCUSD_1H,93463.06411993798
2025-06-26 20:00:00+00:00,BTCUSD_1H,93413.02416755726
2025-06-27 00:00:00+00:00,BTCUSD_1H,93363.06171911323
2025-06-27 12:00:00+00:00,BTCUSD_1H,93313.0974778908
2025-06-27 14:00:00+00:00,BTCUSD_1H,93263.13336595615
2025-06-27 18:00:00+00:00,BTCUSD_1H,93213.16621983872
2025-06-28 06:00:00+00:00,BTCUSD_1H,93163.13467614545
2025-06-28 07:00:00+00:00,BTCUSD_1H,93113.10613173553
2025-06-28 15:00:00+00:00,BTCUSD_1H,93063.06563134954
2025-06-28 17:00:00+00:00,BTCUSD_1H,93013.02267568871
2025-06-28 20:00:00+00:00,BTCUSD_1H,92963.0658330412
2025-06-29 00:00:00+00:00,BTCUSD_1H,92913.02145042956
2025-06-29 08:00:00+00:00,BTCUSD_1H,92862.9887328508
2025-06-29 09:00:00+00:00,BTCUSD_1H,92812.96140600822
2025-06-29 10:00:00+00:00,BTCUSD_1H,92762.93136179379
2025-06-29 11:00:00+00:00,BTCUSD_1H,92712.88483838008
2025-06-29 12:00:00+00:00,BTCUSD_1H,92662.8475873891
2025-06-29 19:00:00+00:00,BTCUSD_1H,92612.8873734673
2025-06-29 20:00:00+00:00,BTCUSD_1H,92562.93006437112
2025-06-29 21:00:00+00:00,BTCUSD_1H,92512.96756547246
2025-06-29 23:00:00+00:00,BTCUSD_1H,92462.93232873581
2025-06-30 00:00:00+00:00,BTCUSD_1H,92412.90424104649
2025-06-30 01:00:00+00:00,BTCUSD_1H,92362.8584089039
2025-06-30 02:00:00+00:00,BTCUSD_1H,92312.82322928325
2025-06-30 03:00:00+00:00,BTCUSD_1H,92262.78995141234
2025-06-30 06:00:00+00:00,BTCUSD_1H,92212.82186453504
2025-06-30 07:00:00+00:00,BTCUSD_1H,92162.85378622854
2025-06-30 08:00:00+00:00,BTCUSD_1H,92112.8985562803
2025-06-30 09:00:00+00:00,BTCUSD_1H,92062.93467163056
2025-06-30 12:00:00+00:00,BTCUSD_1H,92012.96275182256
2025-06-30 13:00:00+00:00,BTCUSD_1H,91963.00848106932
2025-06-30 14:00:00+00:00,BTCUSD_1H,91913.04123681251
2025-06-30 19:00:00+00:00,BTCUSD_1H,91863.01117437886
2025-07-01 04:00:00+00:00,BTCUSD_1H,91813.05165074991
2025-07-01 05:00:00+00:00,BTCUSD_1H,91763.08830634969
2025-07-01 06:00:00+00:00,BTCUSD_1H,91713.1141446228
2025-07-01 08:00:00+00:00,BTCUSD_1H,91663.15120635902
2025-07-01 09:00:00+00:00,BTCUSD_1H,91613.1777669755
2025-07-01 10:00:00+00:00,BTCUSD_1H,91563.22185087069
2025-07-01 11:00:00+00:00,BTCUSD_1H,91513.24939556512
2025-07-01 12:00:00+00:00,BTCUSD_1H,91463.2954500059
2025-07-01 14:00:00+00:00,BTCUSD_1H,91413.32994862924
2025-07-01 15:00:00+00:00,BTCUSD_1H,91363.35621047928
2025-07-01 16:00:00+00:00,BTCUSD_1H,91313.39012011893
2025-07-01 18:00:00+00:00,BTCUSD_1H,91263.42118332442
2025-07-01 19:00:00+00:00,BTCUSD_1H,91213.45230231661
2025-07-01 22:00:00+00:00,BTCUSD_1H,91163.48978881355
2025-07-01 23:00:00+00:00,BTCUSD_1H,91113.52197672821
2025-07-02 00:00:00+00:00,BTCUSD_1H,91063.55161732883
2025-07-02 06:00:00+00:00,BTCUSD_1H,91013.52499474303
2025-07-02 07:00:00+00:00,BTCUSD_1H,90963.49428496891
2025-07-02 08:00:00+00:00,BTCUSD_1H,90913.45983728144
2025-07-02 09:00:00+00:00,BTCUSD_1H,90863.42248702311
2025-07-02 10:00:00+00:00,BTCUSD_1H,90813.38384287697
2025-07-02 11:00:00+00:00,BTCUSD_1H,90763.3439647598
2025-07-02 12:00:00+00:00,BTCUSD_1H,90713.31559869042
2025-07-02 13:00:00+00:00,BTCUSD_1H,90663.28624627595
2025-07-02 14:00:00+00:00,BTCUSD_1H,90613.2421621484
2025-07-02 15:00:00+00:00,BTCUSD_1H,90563.20205056919
2025-07-02 16:00:00+00:00,BTCUSD_1H,90513.1746805839
2025-07-02 17:00:00+00:00,BTCUSD_1H,90463.1382739795
2025-07-02 18:00:00+00:00,BTCUSD_1H,90413.10912818092
2025-07-02 19:00:00+00:00,BTCUSD_1H,90363.0639886808
2025-07-02 20:00:00+00:00,BTCUSD_1H,90313.02779956337
2025-07-02 21:00:00+00:00,BTCUSD_1H,90262.98805351299
2025-07-02 22:00:00+00:00,BTCUSD_1H,90212.95519486652
2025-07-03 05:00:00+00:00,BTCUSD_1H,90162.91265779528
2025-07-03 06:00:00+00:00,BTCUSD_1H,90112.88505166775
2025-07-03 07:00:00+00:00,BTCUSD_1H,90062.84148656033
2025-07-03 08:00:00+00:00,BTCUSD_1H,90012.8169439113
2025-07-03 09:00:00+00:00,BTCUSD_1H,89962.77665758193
2025-07-03 10:00:00+00:00,BTCUSD_1H,89912.75037724369
2025-07-03 11:00:00+00:00,BTCUSD_1H,89862.71144671757
2025-07-03 13:00:00+00:00,BTCUSD_1H,89812.6742752374
2025-07-03 14:00:00+00:00,BTCUSD_1H,89762.64903862918
2025-07-04 04:00:00+00:00,BTCUSD_1H,89712.68178126664
2025-07-04 05:00:00+00:00,BTCUSD_1H,89662.7137998352
2025-07-04 06:00:00+00:00,BTCUSD_1H,89612.75548132633
2025-07-04 07:00:00+00:00,BTCUSD_1H,89562.78261822132
2025-07-04 08:00:00+00:00,BTCUSD_1H,89512.82525609317
2025-07-04 10:00:00+00:00,BTCUSD_1H,89462.86706902376
2025-07-04 11:00:00+00:00,BTCUSD_1H,89412.895023471
2025-07-04 12:00:00+00:00,BTCUSD_1H,89362.92800994357
2025-07-04 13:00:00+00:00,BTCUSD_1H,89312.96486838617
2025-07-04 14:00:00+00:00,BTCUSD_1H,89263.00836090407
2025-07-04 15:00:00+00:00,BTCUSD_1H,89213.03177555534
2025-07-04 16:00:00+00:00,BTCUSD_1H,89163.07156224846
2025-07-04 17:00:00+00:00,BTCUSD_1H,89113.10654234298
2025-07-04 18:00:00+00:00,BTCUSD_1H,89063.13240087545
2025-07-05 19:00:00+00:00,BTCUSD_1H,89013.09920909897
2025-07-05 22:00:00+00:00,BTCUSD_1H,88963.06885344359
2025-07-05 23:00:00+00:00,BTCUSD_1H,88913.03374005275
2025-07-06 00:00:00+00:00,BTCUSD_1H,88862.99563812854
2025-07-06 01:00:00+00:00,BTCUSD_1H,88812.96145035881
2025-07-06 12:00:00+00:00,BTCUSD_1H,88762.92226499211
2025-07-06 14:00:00+00:00,BTCUSD_1H,88712.8849026927
2025-07-06 15:00:00+00:00,BTCUSD_1H,88662.86065184124
2025-07-06 16:00:00+00:00,BTCUSD_1H,88612.82651573888
2025-07-06 17:00:00+00:00,BTCUSD_1H,88562.78763737877
2025-07-07 02:00:00+00:00,BTCUSD_1H,88512.75625437254
2025-07-07 03:00:00+00:00,BTCUSD_1H,88462.72512729256
2025-07-07 14:00:00+00:00,BTCUSD_1H,88412.74989296861
2025-07-07 15:00:00+00:00,BTCUSD_1H,88362.79528573758
2025-07-07 16:00:00+00:00,BTCUSD_1H,88312.83614767872
2025-07-07 17:00:00+00:00,BTCUSD_1H,88262.86262255629
2025-07-07 18:00:00+00:00,BTCUSD_1H,88212.90520006733
2025-07-08 10:00:00+00:00,BTCUSD_1H,88162.8649475061
2025-07-08 11:00:00+00:00,BTCUSD_1H,88112.82534121597
2025-07-08 12:00:00+00:00,BTCUSD_1H,88062.7929874348
2025-07-08 13:00:00+00:00,BTCUSD_1H,88012.75850461348
2025-07-08 17:00:00+00:00,BTCUSD_1H,87962.72323892722
2025-07-08 18:00:00+00:00,BTCUSD_1H,87912.69275016218
2025-07-09 00:00:00+00:00,BTCUSD_1H,87862.66427360989
2025-07-09 11:00:00+00:00,BTCUSD_1H,87812.61804750668
2025-07-09 12:00:00+00:00,BTCUSD_1H,87762.5934410254
2025-07-09 16:00:00+00:00,BTCUSD_1H,87712.55721069634
2025-07-09 18:00:00+00:00,BTCUSD_1H,87662.5131573408
2025-07-09 19:00:00+00:00,BTCUSD_1H,87612.47383266728
2025-07-09 22:00:00+00:00,BTCUSD_1H,87562.44413863153
2025-07-09 23:00:00+00:00,BTCUSD_1H,87512.40931576728
2025-07-10 01:00:00+00:00,BTCUSD_1H,87462.36672588366
2025-07-10 02:00:00+00:00,BTCUSD_1H,87412.32706552636
2025-07-10 06:00:00+00:00,BTCUSD_1H,87362.29516588095
2025-07-10 07:00:00+00:00,BTCUSD_1H,87312.26895056468
2025-07-10 08:00:00+00:00,BTCUSD_1H,87262.23921907066
2025-07-10 14:00:00+00:00,BTCUSD_1H,87212.19345495841
2025-07-10 15:00:00+00:00,BTCUSD_1H,87162.15926086268
2025-07-10 16:00:00+00:00,BTCUSD_1H,87112.12673381882
2025-07-10 17:00:00+00:00,BTCUSD_1H,87062.09782674623
2025-07-10 18:00:00+00:00,BTCUSD_1H,87012.05300112946
2025-07-10 19:00:00+00:00,BTCUSD_1H,86962.02423836778
2025-07-10 20:00:00+00:00,BTCUSD_1H,86911.99473319281
2025-07-10 21:00:00+00:00,BTCUSD_1H,86861.94964159893
2025-07-10 22:00:00+00:00,BTCUSD_1H,86811.92232423255
2025-07-10 23:00:00+00:00,BTCUSD_1H,86761.88898609654
2025-07-11 00:00:00+00:00,BTCUSD_1H,86711.85726350574
2025-07-11 01:00:00+00:00,BTCUSD_1H,86661.81972709084
2025-07-11 02:00:00+00:00,BTCUSD_1H,86611.77622345646
2025-07-11 03:00:00+00:00,BTCUSD_1H,86561.74597919703
2025-07-11 04:00:00+00:00,BTCUSD_1H,86511.7047226892
2025-07-11 05:00:00+00:00,BTCUSD_1H,86461.66993248946
2025-07-11 06:00:00+00:00,BTCUSD_1H,86411.63233287568
2025-07-11 07:00:00+00:00,BTCUSD_1H,86361.59187996903
2025-07-11 08:00:00+00:00,BTCUSD_1H,86311.56518607568
2025-07-11 09:00:00+00:00,BTCUSD_1H,86261.52572150216
2025-07-11 10:00:00+00:00,BTCUSD_1H,86211.49632442037
2025-07-11 11:00:00+00:00,BTCUSD_1H,86161.46071384713
2025-07-11 12:00:00+00:00,BTCUSD_1H,86111.42374395428
2025-07-11 13:00:00+00:00,BTCUSD_1H,86061.3872878329
2025-07-11 14:00:00+00:00,BTCUSD_1H,86011.35004356044
2025-07-11 15:00:00+00:00,BTCUSD_1H,85961.31738431021
2025-07-11 16:00:00+00:00,BTCUSD_1H,85911.29019398215
2025-07-11 17:00:00+00:00,BTCUSD_1H,85861.24314612131
2025-07-11 18:00:00+00:00,BTCUSD_1H,85811.2171229702
2025-07-11 19:00:00+00:00,BTCUSD_1H,85761.18870626714
2025-07-12 09:00:00+00:00,BTCUSD_1H,85711.14740995252
2025-07-12 10:00:00+00:00,BTCUSD_1H,85661.11615564945
2025-07-13 04:00:00+00:00,BTCUSD_1H,85611.08043987188
2025-07-13 06:00:00+00:00,BTCUSD_1H,85561.0413332049
2025-07-13 07:00:00+00:00,BTCUSD_1H,85511.0027824734
2025-07-13 08:00:00+00:00,BTCUSD_1H,85460.97984597881
2025-07-13 11:00:00+00:00,BTCUSD_1H,85410.93293029304
2025-07-13 12:00:00+00:00,BTCUSD_1H,85360.90540968055
2025-07-13 13:00:00+00:00,BTCUSD_1H,85310.86776286762
2025-07-13 18:00:00+00:00,BTCUSD_1H,85260.82385091487
2025-07-13 20:00:00+00:00,BTCUSD_1H,85210.79916872949
2025-07-13 23:00:00+00:00,BTCUSD_1H,85160.76285304382
2025-07-14 00:00:00+00:00,BTCUSD_1H,85110.73564772728
2025-07-14 01:00:00+00:00,BTCUSD_1H,85060.69303636324
2025-07-14 02:00:00+00:00,BTCUSD_1H,85010.66217362588
2025-07-14 03:00:00+00:00,BTCUSD_1H,84960.61981753878
2025-07-14 04:00:00+00:00,BTCUSD_1H,84910.58748727877
2025-07-14 05:00:00+00:00,BTCUSD_1H,84860.56073241301
2025-07-14 06:00:00+00:00,BTCUSD_1H,84810.52457486701
2025-07-14 07:00:00+00:00,BTCUSD_1H,84760.4940099994
2025-07-14 08:00:00+00:00,BTCUSD_1H,84710.46063404875
2025-07-14 09:00:00+00:00,BTCUSD_1H,84660.43154078476
2025-07-14 10:00:00+00:00,BTCUSD_1H,84610.3974590029
2025-07-14 12:00:00+00:00,BTCUSD_1H,84560.3705192503
2025-07-14 13:00:00+00:00,BTCUSD_1H,84510.32265104329
2025-07-15 22:00:00+00:00,BTCUSD_1H,84460.28822930176
2025-07-16 00:00:00+00:00,BTCUSD_1H,84410.26345381346
2025-07-16 05:00:00+00:00,BTCUSD_1H,84360.22987456524
2025-07-16 06:00:00+00:00,BTCUSD_1H,84310.20009690693
2025-07-16 07:00:00+00:00,BTCUSD_1H,84260.15701890399
2025-07-16 08:00:00+00:00,BTCUSD_1H,84210.13186760293
2025-07-16 09:00:00+00:00,BTCUSD_1H,84160.08367184205
2025-07-16 10:00:00+00:00,BTCUSD_1H,84110.04377736342
2025-07-16 11:00:00+00:00,BTCUSD_1H,84060.00751994042
2025-07-16 12:00:00+00:00,BTCUSD_1H,84009.97558305769
2025-07-16 13:00:00+00:00,BTCUSD_1H,83959.94032265015
2025-07-16 14:00:00+00:00,BTCUSD_1H,83909.91012306293
2025-07-16 15:00:00+00:00,BTCUSD_1H,83859.86651637679
2025-07-16 16:00:00+00:00,BTCUSD_1H,83809.83718335803
2025-07-16 17:00:00+00:00,BTCUSD_1H,83759.79531206649
2025-07-16 18:00:00+00:00,BTCUSD_1H,83709.7631492184
2025-07-16 20:00:00+00:00,BTCUSD_1H,83659.73603360052
2025-07-17 18:00:00+00:00,BTCUSD_1H,83609.70167399966
2025-07-17 20:00:00+00:00,BTCUSD_1H,83559.66377128357
2025-07-17 21:00:00+00:00,BTCUSD_1H,83509.6376481024
2025-07-18 01:00:00+00:00,BTCUSD_1H,83459.60123035949
2025-07-18 02:00:00+00:00,BTCUSD_1H,83409.56410214072
2025-07-18 03:00:00+00:00,BTCUSD_1H,83359.52107513323
2025-07-18 04:00:00+00:00,BTCUSD_1H,83309.4964688971
2025-07-18 05:00:00+00:00,BTCUSD_1H,83259.46244850519
2025-07-18 06:00:00+00:00,BTCUSD_1H,83209.42044270356
2025-07-20 13:00:00+00:00,BTCUSD_1H,83159.39233469269
2025-07-20 14:00:00+00:00,BTCUSD_1H,83109.34999171911
2025-07-20 15:00:00+00:00,BTCUSD_1H,83059.3243244256
2025-07-20 16:00:00+00:00,BTCUSD_1H,83009.29123562593
2025-07-21 03:00:00+00:00,BTCUSD_1H,82959.25865575782
2025-07-21 04:00:00+00:00,BTCUSD_1H,82909.22441367016
2025-07-21 05:00:00+00:00,BTCUSD_1H,82859.19795915391
2025-07-21 06:00:00+00:00,BTCUSD_1H,82809.16166679507
2025-07-21 07:00:00+00:00,BTCUSD_1H,82759.12777470936
2025-07-21 08:00:00+00:00,BTCUSD_1H,82709.09561015312
2025-07-22 10:00:00+00:00,BTCUSD_1H,82659.06784429464
2025-07-22 11:00:00+00:00,BTCUSD_1H,82609.03138000683
2025-07-22 12:00:00+00:00,BTCUSD_1H,82558.98635524024
2025-07-22 14:00:00+00:00,BTCUSD_1H,82508.94636126397
2025-07-22 15:00:00+00:00,BTCUSD_1H,82458.91254624899
2025-07-22 17:00:00+00:00,BTCUSD_1H,82408.87263243645
2025-07-22 18:00:00+00:00,BTCUSD_1H,82358.83735144418
2025-07-22 20:00:00+00:00,BTCUSD_1H,82308.7979718239
2025-07-22 21:00:00+00:00,BTCUSD_1H,82258.76458031198
2025-07-22 22:00:00+00:00,BTCUSD_1H,82208.73068394927
2025-07-22 23:00:00+00:00,BTCUSD_1H,82158.69022718228
2025-07-23 00:00:00+00:00,BTCUSD_1H,82108.65264336094
2025-07-23 01:00:00+00:00,BTCUSD_1H,82058.6193164301
2025-07-23 19:00:00+00:00,BTCUSD_1H,82008.58203325616
2025-07-23 22:00:00+00:00,BTCUSD_1H,81958.54214698271
2025-07-23 23:00:00+00:00,BTCUSD_1H,81908.5173296786
2025-07-24 00:00:00+00:00,BTCUSD_1H,81858.48097873975
2025-07-24 01:00:00+00:00,BTCUSD_1H,81808.45001149252
2025-07-24 02:00:00+00:00,BTCUSD_1H,81758.4085886149
2025-07-24 08:00:00+00:00,BTCUSD_1H,81708.38298049802
2025-07-24 14:00:00+00:00,BTCUSD_1H,81658.3496467301
2025-07-24 15:00:00+00:00,BTCUSD_1H,81608.32214135259
2025-07-24 17:00:00+00:00,BTCUSD_1H,81558.2821565402
2025-07-24 18:00:00+00:00,BTCUSD_1H,81508.25630920382
2025-07-27 15:00:00+00:00,BTCUSD_1H,81458.22055977517
2025-07-27 16:00:00+00:00,BTCUSD_1H,81408.17830041349
2025-07-27 17:00:00+00:00,BTCUSD_1H,81358.14075155072
2025-07-27 21:00:00+00:00,BTCUSD_1H,81308.10297822655
2025-07-27 22:00:00+00:00,BTCUSD_1H,81258.06032036067
2025-07-27 23:00:00+00:00,BTCUSD_1H,81208.03555311069
2025-07-28 02:00:00+00:00,BTCUSD_1H,81158.00185834515
2025-07-28 05:00:00+00:00,BTCUSD_1H,81107.96955610886
2025-07-28 06:00:00+00:00,BTCUSD_1H,81057.92435621147
2025-07-29 05:00:00+00:00,BTCUSD_1H,81007.89848959747
2025-07-29 07:00:00+00:00,BTCUSD_1H,80957.8553458993
2025-07-29 08:00:00+00:00,BTCUSD_1H,80907.83196752513
2025-07-29 12:00:00+00:00,BTCUSD_1H,80857.78495252092
2025-07-31 19:00:00+00:00,BTCUSD_1H,80807.8306802187
2025-07-31 20:00:00+00:00,BTCUSD_1H,80757.8721984461
2025-07-31 21:00:00+00:00,BTCUSD_1H,80707.9071788541
2025-07-31 22:00:00+00:00,BTCUSD_1H,80657.94352679531
2025-07-31 23:00:00+00:00,BTCUSD_1H,80607.98201128584
2025-08-01 01:00:00+00:00,BTCUSD_1H,80558.01218770919
2025-08-01 06:00:00+00:00,BTCUSD_1H,80508.05612145181
2025-08-01 07:00:00+00:00,BTCUSD_1H,80458.07879658822
2025-08-01 08:00:00+00:00,BTCUSD_1H,80408.12302147239
2025-08-01 09:00:00+00:00,BTCUSD_1H,80358.14818648061
2025-08-01 10:00:00+00:00,BTCUSD_1H,80308.17893160623
2025-08-01 13:00:00+00:00,BTCUSD_1H,80258.22242907014
2025-08-01 16:00:00+00:00,BTCUSD_1H,80208.26151313297
2025-08-01 17:00:00+00:00,BTCUSD_1H,80158.28594442576
2025-08-01 18:00:00+00:00,BTCUSD_1H,80108.33259663699
2025-08-01 19:00:00+00:00,BTCUSD_1H,80058.36592037627
2025-08-01 22:00:00+00:00,BTCUSD_1H,80008.39658212909
2025-08-01 23:00:00+00:00,BTCUSD_1H,79958.434233575
2025-08-02 13:00:00+00:00,BTCUSD_1H,79908.47116331125
2025-08-02 14:00:00+00:00,BTCUSD_1H,79858.50605629182
2025-08-02 15:00:00+00:00,BTCUSD_1H,79808.54833157721
2025-08-02 16:00:00+00:00,BTCUSD_1H,79758.57880419014
2025-08-02 17:00:00+00:00,BTCUSD_1H,79708.62270752195
2025-08-02 18:00:00+00:00,BTCUSD_1H,79658.65569986704
2025-08-02 19:00:00+00:00,BTCUSD_1H,79608.69343558738
2025-08-03 02:00:00+00:00,BTCUSD_1H,79558.65045462747
2025-08-03 03:00:00+00:00,BTCUSD_1H,79508.62125622923
2025-08-03 04:00:00+00:00,BTCUSD_1H,79458.58135016171
2025-08-03 05:00:00+00:00,BTCUSD_1H,79408.55208634953
2025-08-03 06:00:00+00:00,BTCUSD_1H,79358.52104554558
2025-08-03 07:00:00+00:00,BTCUSD_1H,79308.49288520534
2025-08-03 08:00:00+00:00,BTCUSD_1H,79258.45845693379
2025-08-03 09:00:00+00:00,BTCUSD_1H,79208.41238888491
2025-08-03 10:00:00+00:00,BTCUSD_1H,79158.38432509633
2025-08-03 11:00:00+00:00,BTCUSD_1H,79108.35700157458
2025-08-03 12:00:00+00:00,BTCUSD_1H,79058.31631315737
2025-08-03 13:00:00+00:00,BTCUSD_1H,79008.27849370376
2025-08-03 14:00:00+00:00,BTCUSD_1H,78958.25366455309
2025-08-03 15:00:00+00:00,BTCUSD_1H,78908.21938536342
2025-08-03 16:00:00+00:00,BTCUSD_1H,78858.18193190494
2025-08-03 17:00:00+00:00,BTCUSD_1H,78808.15031765909
2025-08-03 18:00:00+00:00,BTCUSD_1H,78758.11779080576
2025-08-05 03:00:00+00:00,BTCUSD_1H,78708.1452027069
2025-08-05 04:00:00+00:00,BTCUSD_1H,78658.17428081103
2025-08-05 05:00:00+00:00,BTCUSD_1H,78608.21925549932
2025-08-05 06:00:00+00:00,BTCUSD_1H,78558.24365555619
2025-08-05 07:00:00+00:00,BTCUSD_1H,78508.27823281082
2025-08-05 12:00:00+00:00,BTCUSD_1H,78458.30763291176
2025-08-05 14:00:00+00:00,BTCUSD_1H,78408.35144491728
2025-08-05 15:00:00+00:00,BTCUSD_1H,78358.39141621206
2025-08-05 16:00:00+00:00,BTCUSD_1H,78308.41615407399
2025-08-10 03:00:00+00:00,BTCUSD_1H,78258.38146881598
2025-08-10 04:00:00+00:00,BTCUSD_1H,78208.35023605515
2025-08-10 08:00:00+00:00,BTCUSD_1H,78158.31497786746
2025-08-10 09:00:00+00:00,BTCUSD_1H,78108.28050206817
2025-08-10 11:00:00+00:00,BTCUSD_1H,78058.25060838103
2025-08-10 12:00:00+00:00,BTCUSD_1H,78008.2118419988
2025-08-10 13:00:00+00:00,BTCUSD_1H,77958.1847544515
2025-08-10 14:00:00+00:00,BTCUSD_1H,77908.15167423493
2025-08-10 15:00:00+00:00,BTCUSD_1H,77858.10750724377
2025-08-10 16:00:00+00:00,BTCUSD_1H,77808.08336095804
2025-08-10 17:00:00+00:00,BTCUSD_1H,77758.05235763428
2025-08-10 18:00:00+00:00,BTCUSD_1H,77708.0082329333
2025-08-10 22:00:00+00:00,BTCUSD_1H,77657.98491644458
2025-08-10 23:00:00+00:00,BTCUSD_1H,77607.9417989394
2025-08-11 00:00:00+00:00,BTCUSD_1H,77557.91367389569
2025-08-11 01:00:00+00:00,BTCUSD_1H,77507.87023874439
2025-08-11 02:00:00+00:00,BTCUSD_1H,77457.828095446
2025-08-11 03:00:00+00:00,BTCUSD_1H,77407.80007180497
2025-08-11 04:00:00+00:00,BTCUSD_1H,77357.7623010579
2025-08-11 05:00:00+00:00,BTCUSD_1H,77307.73101073681
2025-08-11 06:00:00+00:00,BTCUSD_1H,77257.6858216746
2025-08-11 07:00:00+00:00,BTCUSD_1H,77207.6643939399
2025-08-11 08:00:00+00:00,BTCUSD_1H,77157.61998024282
2025-08-11 09:00:00+00:00,BTCUSD_1H,77107.59552198018
2025-08-12 20:00:00+00:00,BTCUSD_1H,77057.56705452352
2025-08-12 21:00:00+00:00,BTCUSD_1H,77007.5179641278
2025-08-12 22:00:00+00:00,BTCUSD_1H,76957.477570926
2025-08-12 23:00:00+00:00,BTCUSD_1H,76907.44118202601
2025-08-13 08:00:00+00:00,BTCUSD_1H,76857.4069607323
2025-08-13 09:00:00+00:00,BTCUSD_1H,76807.36385318599
2025-08-13 10:00:00+00:00,BTCUSD_1H,76757.32871383589
2025-08-13 11:00:00+00:00,BTCUSD_1H,76707.30522653957
2025-08-13 12:00:00+00:00,BTCUSD_1H,76657.25609033357
2025-08-13 13:00:00+00:00,BTCUSD_1H,76607.23407645614
2025-08-13 16:00:00+00:00,BTCUSD_1H,76557.19282966302
2025-08-13 17:00:00+00:00,BTCUSD_1H,76507.15785908689
2025-08-13 18:00:00+00:00,BTCUSD_1H,76457.1232394361
2025-08-13 19:00:00+00:00,BTCUSD_1H,76407.0779709969
2025-08-13 20:00:00+00:00,BTCUSD_1H,76357.04259936581
2025-08-13 21:00:00+00:00,BTCUSD_1H,76307.00202031196
2025-08-13 22:00:00+00:00,BTCUSD_1H,76256.96202218693
2025-08-13 23:00:00+00:00,BTCUSD_1H,76206.93019293825
2025-08-14 00:00:00+00:00,BTCUSD_1H,76156.90173886843
2025-08-14 02:00:00+00:00,BTCUSD_1H,76106.85589568003
2025-08-19 03:00:00+00:00,BTCUSD_1H,76056.8930418406
2025-08-19 05:00:00+00:00,BTCUSD_1H,76006.92097066782
2025-08-19 06:00:00+00:00,BTCUSD_1H,75956.95193430143
2025-08-19 07:00:00+00:00,BTCUSD_1H,75906.99077898057
2025-08-19 14:00:00+00:00,BTCUSD_1H,75857.03206855609
2025-08-19 15:00:00+00:00,BTCUSD_1H,75807.06404465697
2025-08-19 16:00:00+00:00,BTCUSD_1H,75757.10171936163
2025-08-19 17:00:00+00:00,BTCUSD_1H,75707.13624756073
2025-08-19 18:00:00+00:00,BTCUSD_1H,75657.17904548718
2025-08-19 19:00:00+00:00,BTCUSD_1H,75607.20411168483
2025-08-19 21:00:00+00:00,BTCUSD_1H,75557.2433683024
2025-08-19 22:00:00+00:00,BTCUSD_1H,75507.27056811939
2025-08-19 23:00:00+00:00,BTCUSD_1H,75457.31652193051
2025-08-20 00:00:00+00:00,BTCUSD_1H,75407.34973049993
2025-08-20 01:00:00+00:00,BTCUSD_1H,75357.38311858122
2025-08-20 13:00:00+00:00,BTCUSD_1H,75307.40995409955
2025-08-20 19:00:00+00:00,BTCUSD_1H,75257.38325831073
2025-08-20 20:00:00+00:00,BTCUSD_1H,75207.35209204721
2025-08-20 21:00:00+00:00,BTCUSD_1H,75157.31580260534
2025-08-20 22:00:00+00:00,BTCUSD_1H,75107.27800321627
2025-08-20 23:00:00+00:00,BTCUSD_1H,75057.25119755737
2025-08-21 00:00:00+00:00,BTCUSD_1H,75007.20888045769
2025-08-21 01:00:00+00:00,BTCUSD_1H,74957.1843453717
2025-08-21 15:00:00+00:00,BTCUSD_1H,74907.21770084384
2025-08-21 16:00:00+00:00,BTCUSD_1H,74857.25540098673
2025-08-21 17:00:00+00:00,BTCUSD_1H,74807.28529920593
2025-08-21 18:00:00+00:00,BTCUSD_1H,74757.31486276098
2025-08-21 19:00:00+00:00,BTCUSD_1H,74707.35092706507
2025-08-21 20:00:00+00:00,BTCUSD_1H,74657.38508890702
2025-08-22 11:00:00+00:00,BTCUSD_1H,74607.41965967642
2025-08-24 01:00:00+00:00,BTCUSD_1H,74557.38338715606
2025-08-24 06:00:00+00:00,BTCUSD_1H,74507.41906622787
2025-08-24 08:00:00+00:00,BTCUSD_1H,74457.44960355091
2025-08-24 09:00:00+00:00,BTCUSD_1H,74407.48005533688
2025-08-24 10:00:00+00:00,BTCUSD_1H,74357.51193268254
2025-08-24 11:00:00+00:00,BTCUSD_1H,74307.55506461444
2025-08-24 12:00:00+00:00,BTCUSD_1H,74257.58775680921
2025-08-24 13:00:00+00:00,BTCUSD_1H,74207.61985196332
2025-08-24 14:00:00+00:00,BTCUSD_1H,74157.657889005
2025-08-24 15:00:00+00:00,BTCUSD_1H,74107.68897284403
2025-08-24 16:00:00+00:00,BTCUSD_1H,74057.72816016455
2025-08-24 17:00:00+00:00,BTCUSD_1H,74007.75612006999
2025-08-25 07:00:00+00:00,BTCUSD_1H,73957.79595373897
2025-08-25 08:00:00+00:00,BTCUSD_1H,73907.8270273295
2025-08-25 10:00:00+00:00,BTCUSD_1H,73857.85392047344
2025-08-25 11:00:00+00:00,BTCUSD_1H,73807.88963485569
2025-08-25 12:00:00+00:00,BTCUSD_1H,73757.92253202188
2025-08-25 13:00:00+00:00,BTCUSD_1H,73707.9661684449
2025-08-25 19:00:00+00:00,BTCUSD_1H,73657.99781573255
2025-08-25 20:00:00+00:00,BTCUSD_1H,73608.03657582645
2025-08-25 21:00:00+00:00,BTCUSD_1H,73558.06523405747
2025-08-25 22:00:00+00:00,BTCUSD_1H,73508.09868015764
2025-08-25 23:00:00+00:00,BTCUSD_1H,73458.1385530833
2025-08-26 00:00:00+00:00,BTCUSD_1H,73408.16698046155
2025-08-26 02:00:00+00:00,BTCUSD_1H,73358.19882664684
2025-08-26 15:00:00+00:00,BTCUSD_1H,73308.2298524571
2025-08-27 23:00:00+00:00,BTCUSD_1H,73258.2721566681
2025-08-28 19:00:00+00:00,BTCUSD_1H,73208.30628741643
2025-08-28 20:00:00+00:00,BTCUSD_1H,73158.34130172976
2025-08-28 21:00:00+00:00,BTCUSD_1H,73108.3819080339
2025-08-29 00:00:00+00:00,BTCUSD_1H,73058.41346593414
2025-08-29 01:00:00+00:00,BTCUSD_1H,73008.44287922328
2025-08-29 02:00:00+00:00,BTCUSD_1H,72958.47842173018
2025-08-29 03:00:00+00:00,BTCUSD_1H,72908.51015153578
2025-08-29 04:00:00+00:00,BTCUSD_1H,72858.54303476491
2025-08-29 05:00:00+00:00,BTCUSD_1H,72808.57342466913
2025-08-29 06:00:00+00:00,BTCUSD_1H,72758.6083713415
2025-08-29 07:00:00+00:00,BTCUSD_1H,72708.63745195411
2025-08-29 08:00:00+00:00,BTCUSD_1H,72658.67523957523
2025-08-29 09:00:00+00:00,BTCUSD_1H,72608.71304363113
2025-08-29 10:00:00+00:00,BTCUSD_1H,72558.75248884356
2025-08-29 11:00:00+00:00,BTCUSD_1H,72508.77943617935
2025-08-29 13:00:00+00:00,BTCUSD_1H,72458.81590503354
2025-08-29 14:00:00+00:00,BTCUSD_1H,72408.84413487143
2025-08-29 15:00:00+00:00,BTCUSD_1H,72358.87609902199
2025-08-29 16:00:00+00:00,BTCUSD_1H,72308.90721584953
2025-08-29 17:00:00+00:00,BTCUSD_1H,72258.93915018515
2025-08-29 18:00:00+00:00,BTCUSD_1H,72208.97333726779
2025-08-29 19:00:00+00:00,BTCUSD_1H,72159.01837241692
2025-08-29 20:00:00+00:00,BTCUSD_1H,72109.04208720718
2025-08-29 21:00:00+00:00,BTCUSD_1H,72059.08648903955
2025-08-29 22:00:00+00:00,BTCUSD_1H,72009.12334503898
2025-08-29 23:00:00+00:00,BTCUSD_1H,71959.16515649299
2025-08-30 00:00:00+00:00,BTCUSD_1H,71909.19461479748
2025-08-30 01:00:00+00:00,BTCUSD_1H,71859.2311000378
2025-08-30 02:00:00+00:00,BTCUSD_1H,71809.26597446455
2025-08-30 05:00:00+00:00,BTCUSD_1H,71759.29698540072
2025-08-30 06:00:00+00:00,BTCUSD_1H,71709.33663169012
2025-08-31 09:00:00+00:00,BTCUSD_1H,71659.37035634239
2025-08-31 11:00:00+00:00,BTCUSD_1H,71609.4125517362
2025-08-31 12:00:00+00:00,BTCUSD_1H,71559.44421655932
2025-08-31 13:00:00+00:00,BTCUSD_1H,71509.47749523738
2025-08-31 14:00:00+00:00,BTCUSD_1H,71459.51047131466
2025-08-31 23:00:00+00:00,BTCUSD_1H,71409.54708543385
2025-09-01 02:00:00+00:00,BTCUSD_1H,71359.57380088943
2025-09-01 03:00:00+00:00,BTCUSD_1H,71309.60892773839
2025-09-01 04:00:00+00:00,BTCUSD_1H,71259.64786380675
2025-09-01 21:00:00+00:00,BTCUSD_1H,71209.67511724682
2025-09-04 05:00:00+00:00,BTCUSD_1H,71159.71160409618
2025-09-04 06:00:00+00:00,BTCUSD_1H,71109.7507076187
2025-09-04 07:00:00+00:00,BTCUSD_1H,71059.79214927714
2025-09-04 08:00:00+00:00,BTCUSD_1H,71009.81862645196
2025-09-04 09:00:00+00:00,BTCUSD_1H,70959.84924612682
2025-09-04 10:00:00+00:00,BTCUSD_1H,70909.88190406204
2025-09-04 11:00:00+00:00,BTCUSD_1H,70859.91585884722
2025-09-04 13:00:00+00:00,BTCUSD_1H,70809.94864023595
2025-09-04 14:00:00+00:00,BTCUSD_1H,70759.97853031513
2025-09-04 15:00:00+00:00,BTCUSD_1H,70710.01601050711
2025-09-04 16:00:00+00:00,BTCUSD_1H,70660.05004213665
2025-09-04 17:00:00+00:00,BTCUSD_1H,70610.08877341486
2025-09-04 18:00:00+00:00,BTCUSD_1H,70560.12498968668
2025-09-05 21:00:00+00:00,BTCUSD_1H,70510.16356798734
2025-09-06 15:00:00+00:00,BTCUSD_1H,70460.19763212436
2025-09-06 16:00:00+00:00,BTCUSD_1H,70410.22369404782
2025-09-06 17:00:00+00:00,BTCUSD_1H,70360.26522286593
2025-09-06 18:00:00+00:00,BTCUSD_1H,70310.30401670586
2025-09-06 19:00:00+00:00,BTCUSD_1H,70260.33603339385
2025-09-06 20:00:00+00:00,BTCUSD_1H,70210.3777926069
2025-09-06 21:00:00+00:00,BTCUSD_1H,70160.40740840242
2025-09-06 22:00:00+00:00,BTCUSD_1H,70110.44629628133
2025-09-06 23:00:00+00:00,BTCUSD_1H,70060.47428824886
2025-09-11 03:00:00+00:00,BTCUSD_1H,70010.4504862755
2025-09-11 13:00:00+00:00,BTCUSD_1H,69960.40336805445
2025-09-11 14:00:00+00:00,BTCUSD_1H,69910.37710226577
2025-09-11 16:00:00+00:00,BTCUSD_1H,69860.34533960676
2025-09-11 17:00:00+00:00,BTCUSD_1H,69810.30961028735
2025-09-11 19:00:00+00:00,BTCUSD_1H,69760.27761075011
2025-09-11 20:00:00+00:00,BTCUSD_1H,69710.2497308845
2025-09-11 21:00:00+00:00,BTCUSD_1H,69660.21211695224
2025-09-11 22:00:00+00:00,BTCUSD_1H,69610.18057679175
2025-09-11 23:00:00+00:00,BTCUSD_1H,69560.13428097924
2025-09-12 00:00:00+00:00,BTCUSD_1H,69510.11185270657
2025-09-12 05:00:00+00:00,BTCUSD_1H,69460.07217777241
2025-09-12 17:00:00+00:00,BTCUSD_1H,69410.03096059356
2025-09-12 18:00:00+00:00,BTCUSD_1H,69360.00142046074
2025-09-12 19:00:00+00:00,BTCUSD_1H,69309.96633392497
2025-09-14 00:00:00+00:00,BTCUSD_1H,69259.9290565678
2025-09-14 01:00:00+00:00,BTCUSD_1H,69209.88745371794
2025-09-14 08:00:00+00:00,BTCUSD_1H,69159.8519521893
2025-09-14 09:00:00+00:00,BTCUSD_1H,69109.80951107058
2025-09-14 10:00:00+00:00,BTCUSD_1H,69059.78020572128
2025-09-14 13:00:00+00:00,BTCUSD_1H,69009.80993757746
2025-09-14 15:00:00+00:00,BTCUSD_1H,68959.83907345994
2025-09-14 21:00:00+00:00,BTCUSD_1H,68909.80751636706
2025-09-14 22:00:00+00:00,BTCUSD_1H,68859.7774425391
2025-09-14 23:00:00+00:00,BTCUSD_1H,68809.81001694383
2025-09-15 00:00:00+00:00,BTCUSD_1H,68759.84880879555
2025-09-15 04:00:00+00:00,BTCUSD_1H,68709.80658999209
2025-09-15 05:00:00+00:00,BTCUSD_1H,68659.77895268521
2025-09-15 08:00:00+00:00,BTCUSD_1H,68609.80778960357
2025-09-15 09:00:00+00:00,BTCUSD_1H,68559.83694745446
2025-09-15 10:00:00+00:00,BTCUSD_1H,68509.87586589695
2025-09-15 11:00:00+00:00,BTCUSD_1H,68459.91744584737
2025-09-15 12:00:00+00:00,BTCUSD_1H,68409.95244063572
2025-09-15 13:00:00+00:00,BTCUSD_1H,68359.98192687228
2025-09-15 14:00:00+00:00,BTCUSD_1H,68310.01844719777
2025-09-15 15:00:00+00:00,BTCUSD_1H,68260.04417287782
2025-09-15 16:00:00+00:00,BTCUSD_1H,68210.09134800528
2025-09-15 19:00:00+00:00,BTCUSD_1H,68160.0626891733
2025-09-15 20:00:00+00:00,BTCUSD_1H,68110.02966691036
2025-09-15 21:00:00+00:00,BTCUSD_1H,68059.98475143347
2025-09-15 23:00:00+00:00,BTCUSD_1H,68009.96196314249
2025-09-16 04:00:00+00:00,BTCUSD_1H,67959.91493416291
2025-09-16 05:00:00+00:00,BTCUSD_1H,67909.88011129975
2025-09-16 06:00:00+00:00,BTCUSD_1H,67859.84937534836
2025-09-16 07:00:00+00:00,BTCUSD_1H,67809.81834398037
2025-09-16 08:00:00+00:00,BTCUSD_1H,67759.77962664585
2025-09-16 15:00:00+00:00,BTCUSD_1H,67709.73690138893
2025-09-16 16:00:00+00:00,BTCUSD_1H,67659.70720001316
2025-09-16 17:00:00+00:00,BTCUSD_1H,67609.66837721756
2025-09-16 18:00:00+00:00,BTCUSD_1H,67559.63938288316
2025-09-16 19:00:00+00:00,BTCUSD_1H,67509.61037115478
2025-09-16 20:00:00+00:00,BTCUSD_1H,67459.57081127993
2025-09-16 21:00:00+00:00,BTCUSD_1H,67409.54482167262
2025-09-16 22:00:00+00:00,BTCUSD_1H,67359.51509116063
2025-09-16 23:00:00+00:00,BTCUSD_1H,67309.46911214835
2025-09-17 00:00:00+00:00,BTCUSD_1H,67259.44563166494
2025-09-17 01:00:00+00:00,BTCUSD_1H,67209.40229587494
2025-09-17 02:00:00+00:00,BTCUSD_1H,67159.37776989986
2025-09-17 05:00:00+00:00,BTCUSD_1H,67109.32971283069
2025-09-17 06:00:00+00:00,BTCUSD_1H,67059.30758584298
2025-09-17 07:00:00+00:00,BTCUSD_1H,67009.26703868547
2025-09-17 08:00:00+00:00,BTCUSD_1H,66959.22610390025
2025-09-17 18:00:00+00:00,BTCUSD_1H,66909.25981537653
2025-09-17 22:00:00+00:00,BTCUSD_1H,66859.23120672765
2025-09-17 23:00:00+00:00,BTCUSD_1H,66809.20258821851
2025-09-18 01:00:00+00:00,BTCUSD_1H,66759.17140830081
2025-09-18 02:00:00+00:00,BTCUSD_1H,66709.13429016902
2025-09-18 03:00:00+00:00,BTCUSD_1H,66659.10183602867
2025-09-18 04:00:00+00:00,BTCUSD_1H,66609.06525051857
2025-09-18 05:00:00+00:00,BTCUSD_1H,66559.03869219626
2025-09-18 08:00:00+00:00,BTCUSD_1H,66508.99584436076
